Workbook

Sheet 单位数据
A1: 单位ID | B1: 中文名 | C1: 组织度 | D1: 战宽 | E1: 类型
A2: infantry | B2: 步兵 | C2: 60 | D2: 2 | E2: 步兵
A3: bicycle_battalion | B3: 自行车营 | C3: 60 | D3: 2 | E3: 步兵
A4: marine | B4: 海军陆战队 | C4: 70 | D4: 2 | E4: 步兵
A5: marine_commando | B5: 海军突击队 | C5: 70 | D5: 2 | E5: 步兵
A6: mountaineers | B6: 山地步兵 | C6: 70 | D6: 2 | E6: 步兵
A7: ranger_battalion | B7: 游骑兵 | C7: 70 | D7: 2 | E7: 步兵
A8: paratrooper | B8: 空降伞兵 | C8: 70 | D8: 2 | E8: 步兵
A9: motorized | B9: 摩托化步兵 | C9: 60 | D9: 2 | E9: 摩托化
A10: mechanized | B10: 机械化步兵 | C10: 60 | D10: 2 | E10: 机械化
A11: penal_battalion | B11: 惩戒营 | C11: 70 | D11: 2 | E11: 步兵
A12: irregular_infantry | B12: 非正规步兵 | C12: 45 | D12: 2 | E12: 步兵
A13: militia | B13: 民兵 | C13: 50 | D13: 2 | E13: 步兵
... A46: mot_anti_air_brigade | B46: 摩托化防空炮 | C46: 0 | D46: 1 | E46: 防空

Sheet 师编制
A1: 单位ID | B1: 数量 | C1: 组织度贡献 | D1: 战宽
A2: infantry | B2: 7 | C2: =IFERROR(VLOOKUP(A2,单位数据!$A:$D,3,0)*B2,0) -> 420 | D2: =IFERROR(VLOOKUP(A2,单位数据!$A:$D,4,0)*B2,0) -> 14
A3: artillery_brigade | B3: 2 | C3: =IFERROR(VLOOKUP(A3,单位数据!$A:$D,3,0)*B3,0) -> 0 | D3: =IFERROR(VLOOKUP(A3,单位数据!$A:$D,4,0)*B3,0) -> 6
B4: 0 | C4: =IFERROR(VLOOKUP(A4,单位数据!$A:$D,3,0)*B4,0) -> 0 | D4: =IFERROR(VLOOKUP(A4,单位数据!$A:$D,4,0)*B4,0) -> 0
B5: 0 | C5: =IFERROR(VLOOKUP(A5,单位数据!$A:$D,3,0)*B5,0) -> 0 | D5: =IFERROR(VLOOKUP(A5,单位数据!$A:$D,4,0)*B5,0) -> 0
B6: 0 | C6: =IFERROR(VLOOKUP(A6,单位数据!$A:$D,3,0)*B6,0) -> 0 | D6: =IFERROR(VLOOKUP(A6,单位数据!$A:$D,4,0)*B6,0) -> 0
B7: 0 | C7: =IFERROR(VLOOKUP(A7,单位数据!$A:$D,3,0)*B7,0) -> 0 | D7: =IFERROR(VLOOKUP(A7,单位数据!$A:$D,4,0)*B7,0) -> 0
B8: 0 | C8: =IFERROR(VLOOKUP(A8,单位数据!$A:$D,3,0)*B8,0) -> 0 | D8: =IFERROR(VLOOKUP(A8,单位数据!$A:$D,4,0)*B8,0) -> 0
B9: 0 | C9: =IFERROR(VLOOKUP(A9,单位数据!$A:$D,3,0)*B9,0) -> 0 | D9: =IFERROR(VLOOKUP(A9,单位数据!$A:$D,4,0)*B9,0) -> 0
B10: 0 | C10: =IFERROR(VLOOKUP(A10,单位数据!$A:$D,3,0)*B10,0) -> 0 | D10: =IFERROR(VLOOKUP(A10,单位数据!$A:$D,4,0)*B10,0) -> 0
B11: 0 | C11: =IFERROR(VLOOKUP(A11,单位数据!$A:$D,3,0)*B11,0) -> 0 | D11: =IFERROR(VLOOKUP(A11,单位数据!$A:$D,4,0)*B11,0) -> 0
B12: 0 | C12: =IFERROR(VLOOKUP(A12,单位数据!$A:$D,3,0)*B12,0) -> 0 | D12: =IFERROR(VLOOKUP(A12,单位数据!$A:$D,4,0)*B12,0) -> 0
B13: 0 | C13: =IFERROR(VLOOKUP(A13,单位数据!$A:$D,3,0)*B13,0) -> 0 | D13: =IFERROR(VLOOKUP(A13,单位数据!$A:$D,4,0)*B13,0) -> 0
B14: 0 | C14: =IFERROR(VLOOKUP(A14,单位数据!$A:$D,3,0)*B14,0) -> 0 | D14: =IFERROR(VLOOKUP(A14,单位数据!$A:$D,4,0)*B14,0) -> 0
B15: 0 | C15: =IFERROR(VLOOKUP(A15,单位数据!$A:$D,3,0)*B15,0) -> 0 | D15: =IFERROR(VLOOKUP(A15,单位数据!$A:$D,4,0)*B15,0) -> 0
... B19: 0 | C19: =IFERROR(VLOOKUP(A19,单位数据!$A:$D,3,0)*B19,0) -> 0 | D19: =IFERROR(VLOOKUP(A19,单位数据!$A:$D,4,0)*B19,0) -> 0
B20: =SUM(B2:B19) -> 9 | C20: =SUM(C2:C19)/SUM(B2:B19) -> 46.666667 | D20: =SUM(D2:D19) -> 20

Sheet 地形适配
A1: 地形 | B1: 基础战宽 | C1: 支援战宽 | D1: 总宽度 | E1: 可放师数 | F1: 使用宽度 | G1: 剩余宽度 | H1: 是否超宽 | I1: 超宽惩罚 | J1: 实际战斗力宽度
A2: 森林 | B2: 60 | C2: 30 | D2: 90 | E2: =ROUNDDOWN(D2/师编制!$D$20,0) -> 4 | F2: =E2*师编制!$D$20 -> 80 | G2: =D2-F2 -> 10 | H2: =IF(G2>=0,"否","是") -> 否 | I2: =IF(F2>D2, MIN(1.5*(F2-D2)/D2, 0.33), 0) -> 0 | J2: =F2 * (1 - I2) -> 80
A3: 丘陵 | B3: 70 | C3: 35 | D3: 105 | E3: =ROUNDDOWN(D3/师编制!$D$20,0) -> 5 | F3: =E3*师编制!$D$20 -> 100 | G3: =D3-F3 -> 5 | H3: =IF(G3>=0,"否","是") -> 否 | I3: =IF(F3>D3, MIN(1.5*(F3-D3)/D3, 0.33), 0) -> 0 | J3: =F3 * (1 - I3) -> 100
A4: 山地 | B4: 50 | C4: 25 | D4: 75 | E4: =ROUNDDOWN(D4/师编制!$D$20,0) -> 3 | F4: =E4*师编制!$D$20 -> 60 | G4: =D4-F4 -> 15 | H4: =IF(G4>=0,"否","是") -> 否 | I4: =IF(F4>D4, MIN(1.5*(F4-D4)/D4, 0.33), 0) -> 0 | J4: =F4 * (1 - I4) -> 60
A5: 平原 | B5: 70 | C5: 35 | D5: 105 | E5: =ROUNDDOWN(D5/师编制!$D$20,0) -> 5 | F5: =E5*师编制!$D$20 -> 100 | G5: =D5-F5 -> 5 | H5: =IF(G5>=0,"否","是") -> 否 | I5: =IF(F5>D5, MIN(1.5*(F5-D5)/D5, 0.33), 0) -> 0 | J5: =F5 * (1 - I5) -> 100
A6: 城市 | B6: 80 | C6: 40 | D6: 120 | E6: =ROUNDDOWN(D6/师编制!$D$20,0) -> 6 | F6: =E6*师编制!$D$20 -> 120 | G6: =D6-F6 -> 0 | H6: =IF(G6>=0,"否","是") -> 否 | I6: =IF(F6>D6, MIN(1.5*(F6-D6)/D6, 0.33), 0) -> 0 | J6: =F6 * (1 - I6) -> 120
A7: 丛林 | B7: 60 | C7: 30 | D7: 90 | E7: =ROUNDDOWN(D7/师编制!$D$20,0) -> 4 | F7: =E7*师编制!$D$20 -> 80 | G7: =D7-F7 -> 10 | H7: =IF(G7>=0,"否","是") -> 否 | I7: =IF(F7>D7, MIN(1.5*(F7-D7)/D7, 0.33), 0) -> 0 | J7: =F7 * (1 - I7) -> 80
A8: 沼泽 | B8: 50 | C8: 25 | D8: 75 | E8: =ROUNDDOWN(D8/师编制!$D$20,0) -> 3 | F8: =E8*师编制!$D$20 -> 60 | G8: =D8-F8 -> 15 | H8: =IF(G8>=0,"否","是") -> 否 | I8: =IF(F8>D8, MIN(1.5*(F8-D8)/D8, 0.33), 0) -> 0 | J8: =F8 * (1 - I8) -> 60
A9: 沙漠 | B9: 70 | C9: 35 | D9: 105 | E9: =ROUNDDOWN(D9/师编制!$D$20,0) -> 5 | F9: =E9*师编制!$D$20 -> 100 | G9: =D9-F9 -> 5 | H9: =IF(G9>=0,"否","是") -> 否 | I9: =IF(F9>D9, MIN(1.5*(F9-D9)/D9, 0.33), 0) -> 0 | J9: =F9 * (1 - I9) -> 100
